text,createTime,musicMeta.musicName,musicMeta.musicAuthor,musicMeta.musicOriginal,musicMeta.musicAlbum,musicMeta.duration,videoMeta.duration,diggCount,shareCount,playCount,commentCount,mentions,hashtags
"If all you do is struggle, this one is for you. interview: @tellmemorehaha",1969-12-31 19:00:00,the night we met,favsoundds ,True,,34.0,44,385400,4582,1100000,2260,"[""@tellmemorehaha""]",[]
@dibrantreppy caught this man chiefing. Still a wonderful interview with some deep insights on adulthood.,1969-12-31 19:00:01,Watermelon Sugar X Seaside,Vazer,False,Watermelon Sugar X Seaside,60.0,41,94700,768,590500,500,"[""@dibrantreppy""]",[]
The world needs more people like this guy. @dibrantreppy - interview credit,1969-12-31 19:00:02,the night we met,favsoundds ,True,,34.0,45,64900,1236,441600,494,"[""@dibrantreppy""]",[]
Her voice is so calming. Thanks @areyouhappy_marist for this interview.,1969-12-31 19:00:03,the night we met,favsoundds ,True,,34.0,59,101000,2233,377600,1331,"[""@areyouhappy_marist""]",[]
This man just walked up to us. So I asked him if he was happy. @dibrantreppy interview credit #areyouhappy #bronx #bxny #homelessness,1969-12-31 19:00:04,original sound,Are You Happy?,True,,58.0,58,43900,568,258500,192,"[""@dibrantreppy""]","['areyouhappy', 'bronx', 'bxny', 'homelessness']"
Forget about what‚Äôs happened. You‚Äôre alive. #areyouhappy #roadtrip #newyorker #homelessness,1969-12-31 19:00:05,the night we met,favsoundds ,True,,34.0,46,20800,575,154500,205,[],"['areyouhappy', 'roadtrip', 'newyorker', 'homelessness']"
He smiled after saying no though. @dibrantreppy did this interview.,1969-12-31 19:00:06,original sound,Matthew Hall,True,,38.0,19,764600,7588,3200000,5135,"[""@dibrantreppy""]",[]
Look this guy up in Denver. interview: @dibrantreppy  #areyouhappy #utah #archesnationalpark #naturelover #roadtrip,1969-12-31 19:00:07,the night we met,favsoundds ,True,,34.0,28,47500,208,405500,199,"[""@dibrantreppy""]","['areyouhappy', 'utah', 'archesnationalpark', 'naturelover', 'roadtrip']"
The happiest people I‚Äôve met haven‚Äôt had happy lives. #areyouhappy #utah #archesnationalpark #naturelover #roadtrip,1969-12-31 19:00:08,the night we met,favsoundds ,True,,34.0,60,5700000,71000,21000000,32900,[],"['areyouhappy', 'utah', 'archesnationalpark', 'naturelover', 'roadtrip']"
The comment section is for those that need someone to talk to. #uconn #storrs #archaeologist #archaeology,1969-12-31 19:00:09,stan,favsoundds ,True,,41.0,55,82100,489,692700,438,[],"['uconn', 'storrs', 'archaeologist', 'archaeology']"
We ask strangers if they‚Äôre happy. interview credit: @dibrantreppy,1969-12-31 19:00:10,original sound,Are You Happy?,True,,57.0,58,89600,1051,557400,540,"[""@dibrantreppy""]",[]
The message is clear: we are one. #onerace #unite #areyouhappy #motivationaldoc #happinessisyou,1969-12-31 19:00:11,original sound,Are You Happy?,True,,53.0,53,105200,3700,690700,1861,[],"['onerace', 'unite', 'areyouhappy', 'motivationaldoc', 'happinessisyou']"
Sometimes you have to ask hard questions to get real answers. @dibrantreppy - interview credit,1969-12-31 19:00:12,Avril 14th,Aphex Twin,False,Drukqs,30.0,59,62900,749,510100,1089,"[""@dibrantreppy""]",[]
I thought he was going to be angry with me... Thanks @dibrantreppy for this interview. #connecticut #motivationaldoc #motivationalmoment,1969-12-31 19:00:13,Runaway by Kanye Piano,Henry Cantu,True,,49.0,53,60000,942,470500,306,"[""@dibrantreppy""]","['connecticut', 'motivationaldoc', 'motivationalmoment']"
It‚Äôs never to late to learn how to love again. Thank you @dibrantreppy for this interview. #loveconquershate #loveconfesion #loveaboveallthings,1969-12-31 19:00:14,Runaway by Kanye Piano,Henry Cantu,True,,49.0,58,57400,1678,398400,349,"[""@dibrantreppy""]","['loveconquershate', 'loveconfesion', 'loveaboveallthings']"
You‚Äôre alive. Just keep going. @dibrantreppy thanks for this interview. #uconn #storrs #connecticut #motivationaldoc #motivationalmoment,1969-12-31 19:00:15,Night Trouble By Petit Biscuit,Tyler,True,,58.0,41,1200000,37100,5200000,13300,"[""@dibrantreppy""]","['uconn', 'storrs', 'connecticut', 'motivationaldoc', 'motivationalmoment']"
For those asking where the happy guy has been. Follow  @happy__people to follow our progress. #downsyndromeawareness #cerebralpalsy #specialneeds,1969-12-31 19:00:16,original sound,Are You Happy?,True,,120.0,121,32700,480,348400,326,"[""@happy__people""]","['downsyndromeawareness', 'cerebralpalsy', 'specialneeds']"
Can money buy happiness? #financestrategist #spiritualitytiktok #happinessproject,1969-12-31 19:00:17,Fantasy dream,‰∏äÈáéÁáø,False,,126.0,137,16500,1365,280000,286,[],"['financestrategist', 'spiritualitytiktok', 'happinessproject']"
I made a promise a year ago. Now I have to make good on it. #areyouhappy #utah #springdaleutah #sandhollow #sandhollowutah,1969-12-31 19:00:18,original sound,Are You Happy?,True,,171.0,172,97600,2844,559800,1212,[],"['areyouhappy', 'utah', 'springdaleutah', 'sandhollow', 'sandhollowutah']"
I met some Albanians the other day and had a very interesting experience. #albanians #albaniancheck #shqiptar #3minutevideo #fyp,1969-12-31 19:00:19,original sound,Are You Happy?,True,,176.0,176,17200,172,239400,154,[],"['albanians', 'albaniancheck', 'shqiptar', '3minutevideo', 'fyp']"
Reply to @feliciastaropoli @dibrantreppy thank you for this interview. #uconn #storrs #connecticut #huskies #uconnhuskies,1969-12-31 19:00:20,original sound,Are You Happy?,True,,55.0,55,19100,284,213200,97,"[""@feliciastaropoli"",""@dibrantreppy""]","['uconn', 'storrs', 'connecticut', 'huskies', 'uconnhuskies']"
The message is clear: take a moment. Thanks @dibrantreppy for this interview. #uconn #connecticut #rollerskate #rollerskater #storrs,1969-12-31 19:00:21,ghost town (voice memo),Chloe George,False,ghost town (voice memo),60.0,55,327000,4288,1500000,1685,"[""@dibrantreppy""]","['uconn', 'connecticut', 'rollerskate', 'rollerskater', 'storrs']"
@dibrantreppy thanks for this interview. Her message is clear: we don‚Äôt have much time left. #timeisfake #momsoftiktok #mothers #momsknowbest,1969-12-31 19:00:22,Night Trouble By Petit Biscuit,Tyler,True,,58.0,59,31200,192,285500,234,"[""@dibrantreppy""]","['timeisfake', 'momsoftiktok', 'mothers', 'momsknowbest']"
@dibrantreppy thanks for this interview. Love this guy‚Äôs message #thepastisthepast #thefutureisnow #letitgo #youarenotyourthoughts #bestill,1969-12-31 19:00:23,Runaway by Kanye Piano,Henry Cantu,True,,49.0,46,17900,873,182200,98,"[""@dibrantreppy""]","['thepastisthepast', 'thefutureisnow', 'letitgo', 'youarenotyourthoughts', 'bestill']"
Reply to @feliciastaropoli to watch the full interview click link in my bio. #unite #togetherwecan #weareunited #unitedwestand,1969-12-31 19:00:24,Runaway by Kanye Piano,Henry Cantu,True,,49.0,46,17200,396,165100,142,"[""@feliciastaropoli""]","['unite', 'togetherwecan', 'weareunited', 'unitedwestand']"
The message is clear. We all should get along. #unite #areyouhappy #motivationaldoc #happinessisyou,1969-12-31 19:00:25,Runaway by Kanye Piano,Henry Cantu,True,,49.0,27,163700,5349,1200000,4155,[],"['unite', 'areyouhappy', 'motivationaldoc', 'happinessisyou']"
The message is clear: reconnect. #snowshoe #snowshoemountain #hikingadventures #mountainview  #PepsiApplePieChallenge,1969-12-31 19:00:26,Night Trouble By Petit Biscuit,Tyler,True,,58.0,42,11700,150,150300,76,[],"['snowshoe', 'snowshoemountain', 'hikingadventures', 'mountainview']"
Keep hope alive everyone! Hope is stronger than anything. #derbyct #keephopealive #positivevibesonly #positiveaffirmations #connecticut,1969-12-31 19:00:27,Outro,M83,False,"Hurry Up, We're Dreaming",30.0,25,11300,135,136000,58,[],"['derbyct', 'keephopealive', 'positivevibesonly', 'positiveaffirmations', 'connecticut']"
The message is clear: Don‚Äôt stop. #ramtruck #ramtrucks #ramtrucknation #carwashing,1969-12-31 19:00:28,Big Little Lies (TV Theme),Voidoid,False,Big Little Lies (TV Theme),30.0,21,8989,69,140100,45,[],"['ramtruck', 'ramtrucks', 'ramtrucknation', 'carwashing']"
The message is clear: life is meant to be lived. #areyouhappy #leocarillobeach  #malibu #pacificcoasthighway #losangelesbeach,1969-12-31 19:00:29,Calico,Haux,False,Calico,60.0,27,7588,20,121000,43,[],"['areyouhappy', 'leocarillobeach', 'malibu', 'pacificcoasthighway', 'losangelesbeach']"
The message is clear: balance. #holland #dutch #netherlands #delftnederland #nederland,1969-12-31 19:00:30,original sound,Are You Happy?,True,,17.0,17,3171,14,106000,16,[],"['holland', 'dutch', 'netherlands', 'delftnederland', 'nederland']"
2020 was a great year for self reflection and happiness. #areyouhappy #uconn #uconnhuskies #storrs,1969-12-31 19:00:31,Send Me on My Way,Vibe Street,False,Vibin' on Em (The Remix)- EP,60.0,59,4398,78,102200,35,[],"['areyouhappy', 'uconn', 'uconnhuskies', 'storrs']"
Find your inner child,1969-12-31 19:00:32,original sound,Are You Happy?,True,,6.0,6,2237,2,103500,18,[],[]
This just proves we all need to reflect on what we do have. #derbyct #connecticut #positivepsychology #mindfulness,1969-12-31 19:00:33,Runaway by Kanye Piano,Henry Cantu,True,,49.0,59,9625,89,104700,55,[],"['derbyct', 'connecticut', 'positivepsychology', 'mindfulness']"
This might be my favorite interview we‚Äôve done on this page.,1969-12-31 19:00:34,Calico,Haux,False,Calico,60.0,59,15000,178,137500,201,[],[]
The message is clear: never settle. #rockclimbing #mountainclimbing #scrambling #rockscrambling,1969-12-31 19:00:35,Where My Love (Edit),Fallo,False,Mode Down,60.0,18,15900,50,147400,42,[],"['rockclimbing', 'mountainclimbing', 'scrambling', 'rockscrambling']"
"Together, let‚Äôs make a real difference. #downsyndromeawareness #specialneedsmom #specialneedskid #nonprofit",1969-12-31 19:00:36,Where My Love (Edit),Fallo,False,Mode Down,60.0,55,24800,4968,125500,372,[],"['downsyndromeawareness', 'specialneedsmom', 'specialneedskid', 'nonprofit']"
Reply to @feliciastaropoli Do you struggle to love yourself?,1969-12-31 19:00:37,original sound,Are You Happy?,True,,35.0,35,9102,109,121200,71,"[""@feliciastaropoli""]",[]
The wisdom of the youth in Albania. Amazing! #albanian #kosovatiktok #prishtine #prishtina,1969-12-31 19:00:38,Night Trouble By Petit Biscuit,Tyler,True,,58.0,35,188800,2157,1200000,824,[],"['albanian', 'kosovatiktok', 'prishtine', 'prishtina']"
I‚Äôm hoping this video could change things. #areyouhappy #downsyndromeawareness #downsyndromebaby #specialneedschild #mentalhealthtiktoks,1969-12-31 19:00:39,Stuck in the Middle,Tai Verdes,False,Stuck in the Middle,60.0,29,18600,1113,144300,143,[],"['areyouhappy', 'downsyndromeawareness', 'downsyndromebaby', 'specialneedschild', 'mentalhealthtiktoks']"
I‚Äôm already nostalgic for the early-quar√†ntine vibes. #areyouhappy #brooklynbridge #brooklyn #newyorker,1969-12-31 19:00:40,Night Trouble By Petit Biscuit,Tyler,True,,58.0,42,9660,76,119600,43,[],"['areyouhappy', 'brooklynbridge', 'brooklyn', 'newyorker']"
@dibrantreppy thanks for this interview üíõ #depressionanxiety #anxietytips #mentalhealthawarness #derealization,1969-12-31 19:00:41,Night Trouble By Petit Biscuit,Tyler,True,,58.0,58,21200,194,141100,284,"[""@dibrantreppy""]","['depressionanxiety', 'anxietytips', 'mentalhealthawarness', 'derealization']"
Happiness comes from: sunshine. #prishtina #kosova #fashionshow #fashiondesign #positivityonly,1969-12-31 19:00:42,Crispy Bacon,Laurent Garnier,False,Crispy Bacon,30.0,43,14900,100,170800,177,[],"['prishtina', 'kosova', 'fashionshow', 'fashiondesign', 'positivityonly']"
I spoke to a very wise man on top of a mountain. Full interview on my website.,1969-12-31 19:00:43,original sound,Are You Happy?,True,,59.0,59,16100,201,137700,190,[],[]
An honest response to the are you happy question. #skatingaesthetic #skatingvibes #skatinglife #sk8life,1969-12-31 19:00:44,Runaway by Kanye Piano,Henry Cantu,True,,49.0,53,7088,41,98600,47,[],"['skatingaesthetic', 'skatingvibes', 'skatinglife', 'sk8life']"
The message is clear: The past is a running river.,1969-12-31 19:00:45,Hallelujah,Jeff Buckley,False,Grace,30.0,59,5509,51,72400,80,[],[]
They say he‚Äôs the happiest person in America.,1969-12-31 19:00:46,‚ÄúRunaway Westworld Cover by @seemusicpiano‚Äù,Not ben schwarz,True,,15.0,52,13600,45,108800,73,[],[]
@banda.tx thank you for this interview. #areyouhappy #therapytiktok #tiktoktherapy #derealization,1969-12-31 19:00:47,MAYA DELILAH ON ALL PLATFORMS,mayadelilah,True,,29.0,35,18000,78,137700,94,"[""@banda""]","['areyouhappy', 'therapytiktok', 'tiktoktherapy', 'derealization']"
Who is the happiest person in the world?,1969-12-31 19:00:48,‚ÄúRunaway Westworld Cover by @seemusicpiano‚Äù,Not ben schwarz,True,,15.0,54,116900,626,570600,811,[],[]
Reply to @feliciastaropoli Thank you @christynico for this interview! #traveltheworld #edinburgh #edinburghscotland,1969-12-31 19:00:49,original sound,Are You Happy?,True,,50.0,50,5843,118,96600,41,"[""@feliciastaropoli"",""@christynico""]","['traveltheworld', 'edinburgh', 'edinburghscotland']"
"The message is clear: hold on. Thanks Christy from Edinburgh, Scotland. #traveltheworld #edinburgh #edinburghscotland",1969-12-31 19:00:50,original sound,Strange World of Synths,True,,58.0,50,715500,5650,2200000,3512,[],"['traveltheworld', 'edinburgh', 'edinburghscotland']"
your entire life can change in an instant,1969-12-31 19:00:51,My Tears Are Becoming A Sea,M83,False,"Hurry Up, We're Dreaming",30.0,53,33000,369,193400,266,[],[]
Just vibe with @solenendahiro from Rwanda here. #rwanda #kigalitiktok #kigalirwanda #spiritualitytiktok #spiritualitytips,1969-12-31 19:00:52,original sound,Are You Happy?,True,,59.0,59,7018,153,82800,92,"[""@solenendahiro""]","['rwanda', 'kigalitiktok', 'kigalirwanda', 'spiritualitytiktok', 'spiritualitytips']"
@oscar.c.121 captured this interview at a bowling alley. What a good vibe! #goodvibes #positivevibes #bowlingalley #bowlingtiktok,1969-12-31 19:00:53,original sound,Are You Happy?,True,,43.0,44,1935,30,65700,52,"[""@oscar""]","['goodvibes', 'positivevibes', 'bowlingalley', 'bowlingtiktok']"
@dibrantreppy asked a cowboy if he was happy. #pbr #cowboyshit #rodeoclown #rodeotok #rodeoranch,1969-12-31 19:00:54,Why Are There Boundaries,Fkj,False,French Kiwi Juice,60.0,55,17100,53,124300,97,"[""@dibrantreppy""]","['pbr', 'cowboyshit', 'rodeoclown', 'rodeotok', 'rodeoranch']"
Just the fact that you‚Äôre alive is enough reason to be happy. #areyouhappy #findhappiness #happinessisyou #positivepsychology,1969-12-31 19:00:55,Night Trouble By Petit Biscuit,Tyler,True,,58.0,39,40200,1251,351300,298,[],"['areyouhappy', 'findhappiness', 'happinessisyou', 'positivepsychology']"
Chris from Australia conducted this interview! What a wise woman. #melbourne #darwinaustralia #aussiesdoingthings #melbourneaustralia,1969-12-31 19:00:56,Night Trouble By Petit Biscuit,Tyler,True,,58.0,34,3553,17,65700,25,[],"['melbourne', 'darwinaustralia', 'aussiesdoingthings', 'melbourneaustralia']"
@oscar.c.121 interviewed a random passerby who totally gets it. #mindsetmotivation #perspectiveiskey #mentalheathawarness #positiveenergy,1969-12-31 19:00:57,"Hand Covers Bruise (From the Movie ""The Social Network"")",Movie Sounds Unlimited,False,Movie Soundtrack Hits,60.0,48,7682,117,69700,66,"[""@oscar""]","['mindsetmotivation', 'perspectiveiskey', 'mentalheathawarness', 'positiveenergy']"
my mom did an interview for this page. that means you can too. dm me if you want to do interviews as well.,1969-12-31 19:00:58,original sound,Are You Happy?,True,,59.0,59,3283,16,55300,37,[],[]
@juanloaizaes captured this interview in Colombia. Que fantastico! #medellin #ciudaddelrio #medellincolombia #felicidad #parce #psicolog√≠a,1969-12-31 19:00:59,original sound,Are You Happy?,True,,58.0,58,3940,54,61100,34,"[""@juanloaizaes""]","['medellin', 'ciudaddelrio', 'medellincolombia', 'felicidad', 'parce', 'psicolog√≠a']"
@dibrantreppy thanks for capturing this interview! #areyouhappy #positivepsychology #positivemindset #mindsetmotivation,1969-12-31 19:01:00,Night Trouble By Petit Biscuit,Tyler,True,,58.0,38,7354,63,81500,68,"[""@dibrantreppy""]","['areyouhappy', 'positivepsychology', 'positivemindset', 'mindsetmotivation']"
a typical ‚Äúare you happy‚Äù day,1969-12-31 19:01:01,original sound,Are You Happy?,True,,59.0,59,7617,60,78300,59,[],[]
Love to see people do what they love! Thanks so Annie for submitting this interview! #surfing #panamacitybeach #panamacity #panamacitybeachflorida,1969-12-31 19:01:02,Why Are There Boundaries,Fkj,False,French Kiwi Juice,60.0,26,7815,22,90400,25,[],"['surfing', 'panamacitybeach', 'panamacity', 'panamacitybeachflorida']"
@banda.tx interviewed this guy through the car window! And what a guy! Smile more. #smilemore #positiveenergy #positivitygang #austin #austintexas,1969-12-31 19:01:03,Why Are There Boundaries,Fkj,False,French Kiwi Juice,60.0,25,237500,2216,1500000,1002,"[""@banda""]","['smilemore', 'positiveenergy', 'positivitygang', 'austin', 'austintexas']"
Reply to @jonathangauci3 Join the cause! Let‚Äôs buy a bus! @happy__people,1969-12-31 19:01:04,original sound,Are You Happy?,True,,21.0,21,2072,26,67400,28,"[""@jonathangauci3"",""@happy__people""]",[]
Ik stel vreemden √©√©n vraag: ben je gelukkig? Vandaag interviewde een vriendin uit Nederland mensen in haar stad #nederland #hollands #nederlandtiktok,1969-12-31 19:01:05,Night Trouble By Petit Biscuit,Tyler,True,,58.0,47,2548,13,76400,18,[],"['nederland', 'hollands', 'nederlandtiktok']"
Never compare... #areyouhappy #positivepsychology #psychologytricks #therapytiktok #sheltonct #farminglife,1969-12-31 19:01:06,original sound,Are You Happy?,True,,14.0,14,9361,141,121200,62,[],"['areyouhappy', 'positivepsychology', 'psychologytricks', 'therapytiktok', 'sheltonct', 'farminglife']"
She‚Äôs going to be a great nurse. Thanks @dop.productions for capturing this interview. #wisconsin #nursingschool #positivepsychology #louisville,1969-12-31 19:01:07,Night Trouble By Petit Biscuit,Tyler,True,,58.0,56,265500,1230,1300000,1085,"[""@dop""]","['wisconsin', 'nursingschool', 'positivepsychology', 'louisville']"
We‚Äôre not really strangers. Thanks to @banda.tx for capturing this interview. #areyouhappy #austintexas #mentalhealthtiktoks #mentalhealthcheck,1969-12-31 19:01:08,Night Trouble By Petit Biscuit,Tyler,True,,58.0,49,51300,865,384500,588,"[""@banda""]","['areyouhappy', 'austintexas', 'mentalhealthtiktoks', 'mentalhealthcheck']"
Maccas Manager gets it... Thanks @giddyonthegrind for capturing this interview! #areyouhappy #newsouthwales #australian #maccas #aussiesdoingthings,1969-12-31 19:01:09,original sound,Are You Happy?,True,,55.0,55,2824,11,91100,32,"[""@giddyonthegrind""]","['areyouhappy', 'newsouthwales', 'australian', 'maccas', 'aussiesdoingthings']"
She absolutely gets it.Thank you @dop.productions for this interview. #positivepsychology #positivevibesonly #louisville #louisvillekentucky #kentucky,1969-12-31 19:01:10,Night Trouble By Petit Biscuit,Tyler,True,,58.0,56,44800,920,341000,277,"[""@dop""]","['positivepsychology', 'positivevibesonly', 'louisville', 'louisvillekentucky', 'kentucky']"
Reply to @malachiflannery Take control of your happiness. You have the power. #positivitymindset #mindsetmotivation #mindsetiseverything,1969-12-31 19:01:11,i wonder,johnny üåô,True,,36.0,41,4504,73,103100,71,"[""@malachiflannery""]","['positivitymindset', 'mindsetmotivation', 'mindsetiseverything']"
Thank you @thatpineapplegirl for this amazing interview! More to come from this interview. #areyouhappy #pineapplegirl #documentary #mentalhealth,1969-12-31 19:01:12,original sound,Are You Happy?,True,,55.0,55,2295,26,83000,21,"[""@thatpineapplegirl""]","['areyouhappy', 'pineapplegirl', 'documentary', 'mentalhealth']"
Thank you @rnbstellar for this interview and for creating amazing music! #areyouhappy #ashes #rnbstellar,1969-12-31 19:01:13,Ashes,Stellar,False,Ashes,60.0,34,1807,23,76700,20,"[""@rnbstellar""]","['areyouhappy', 'ashes', 'rnbstellar']"
This guy gets it. Reply to @jamesmcginley,1969-12-31 19:01:14,original sound,Are You Happy?,True,,40.0,40,5510,78,88400,41,"[""@jamesmcginley""]",[]
This guy totally gets it. #sevenmagicmountains #lasvegas #documentary #positivepsychology #unite,1969-12-31 19:01:15,Night Trouble By Petit Biscuit,Tyler,True,,58.0,40,21300,354,171300,203,[],"['sevenmagicmountains', 'lasvegas', 'documentary', 'positivepsychology', 'unite']"
Part 2 of the Atlanta Man #hotlanta #precovid #lifebeforecovid #cascadeskatingrink #atlantageorgia,1969-12-31 19:01:16,Why Are There Boundaries,Fkj,False,French Kiwi Juice,60.0,55,6276,53,92600,42,[],"['hotlanta', 'precovid', 'lifebeforecovid', 'cascadeskatingrink', 'atlantageorgia']"
I‚Äôm down with the hood they said! #atlanta #mexicanmemes #blackandproud #atlantageorgia,1969-12-31 19:01:17,Why Are There Boundaries,Fkj,False,French Kiwi Juice,60.0,28,37900,212,231100,218,[],"['atlanta', 'mexicanmemes', 'blackandproud', 'atlantageorgia']"
This guy for president. to @jopkins_ #perspectiveiskey #jerseymikes #positiveenergy #positivepsychology #psychology,1969-12-31 19:01:18,original sound,Are You Happy?,True,,44.0,45,13300,1102,222500,143,"[""@jopkins_""]","['perspectiveiskey', 'jerseymikes', 'positiveenergy', 'positivepsychology', 'psychology']"
"If you have a dollar, this video is for you. #areyouhappy #downsyndromeawareness #downsyndrome #momsoftiktok #autismawareness",1969-12-31 19:01:19,I Need A Dollar,Aloe Blacc & Aloa Blacc,False,Good Things,60.0,45,3284,188,96400,55,[],"['areyouhappy', 'downsyndromeawareness', 'downsyndrome', 'momsoftiktok', 'autismawareness']"
This guy gets it. Thank you @dibrantreppy for this interview. #jerseymikes #derbyct #connecticut #positivepsychology #unite,1969-12-31 19:01:20,Night Trouble By Petit Biscuit,Tyler,True,,58.0,45,1400000,42200,7700000,11100,"[""@dibrantreppy""]","['jerseymikes', 'derbyct', 'connecticut', 'positivepsychology', 'unite']"
She said she isn‚Äôt happy but her reason is different than you might think. Thanks @joshsadvice for this interview. #mentalhealthawarness #mentalhealth,1969-12-31 19:01:21,original sound,Are You Happy?,True,,39.0,39,15400,125,199600,161,"[""@joshsadvice""]","['mentalhealthawarness', 'mentalhealth']"
‚ÄúWe were poor but I never felt poor‚Äù #areyouhappy #fairfieldct #hungarian #lifeadvice #wisdom,1969-12-31 19:01:22,original sound,Are You Happy?,True,,26.0,26,18000,144,269200,91,[],"['areyouhappy', 'fairfieldct', 'hungarian', 'lifeadvice', 'wisdom']"
I thought they lied. #areyouhappy #positivitywithjoy #positivemindset #mentalhealth,1969-12-31 19:01:23,original sound,Are You Happy?,True,,44.0,44,13600,55,174500,68,[],"['areyouhappy', 'positivitywithjoy', 'positivemindset', 'mentalhealth']"
Someone sent me this voice message and I need to share it with yall. #archesnationalpark #mentalhealthawarness #mentalhealthtiktoks #mentalhealthtips,1969-12-31 19:01:24,original sound,Are You Happy?,True,,54.0,54,6617,95,129400,86,[],"['archesnationalpark', 'mentalhealthawarness', 'mentalhealthtiktoks', 'mentalhealthtips']"
Find happiness in the little things. Thanks @famouslyaloof for this interview! #momsontiktok #momsofteens #momsofquarantine #momsanddaughters,1969-12-31 19:01:25,drivers license,Olivia Rodrigo,False,drivers license,30.0,58,2950,22,110100,31,"[""@famouslyaloof""]","['momsontiktok', 'momsofteens', 'momsofquarantine', 'momsanddaughters']"
"TikTok, are you happy? Send me a voice message with your answer. #positivepsychology #pyschology #areyouhappy #interviews #secretsrevealed",1969-12-31 19:01:26,O Superman,Laurie Anderson,False,Big Science,60.0,43,2208,18,92400,46,[],"['positivepsychology', 'pyschology', 'areyouhappy', 'interviews', 'secretsrevealed']"
Are you happy? Send me a voice message on IG with your answer. #areyouhappy,1969-12-31 19:01:27,original sound,Are You Happy?,True,,45.0,46,3423,52,93500,56,[],['areyouhappy']
This guy gets it. Thanks @joshsadvice and @famouslyaloof for this interview! #truckdriver #truckers #truckinglife #truckerlife,1969-12-31 19:01:28,original sound,Are You Happy?,True,,15.0,15,21900,201,188900,81,"[""@joshsadvice"",""@famouslyaloof""]","['truckdriver', 'truckers', 'truckinglife', 'truckerlife']"
Met some kids sitting on the dock of the bay. Thanks @oscar.c.121 for this interview! #areyouhappy,1969-12-31 19:01:29,(Sittin' On) the Dock of the Bay,Otis Redding,False,Essentials: Otis Redding,30.0,26,5174,42,89400,38,"[""@oscar""]",['areyouhappy']
This math teacher gets it. Thanks to @joshsadvice for getting this interview! #mathteacher #elearning #zoomclass #mathematics #philosophy,1969-12-31 19:01:30,Coming of Age,Blondes,False,Coming of Age,60.0,44,17500,54,131800,52,"[""@joshsadvice""]","['mathteacher', 'elearning', 'zoomclass', 'mathematics', 'philosophy']"
Asked a kite surfer if he was happy! Thanks @famouslyaloof for the interview. #kitesurfing #utahsunsets #kitesurfer #kitesurfingworld,1969-12-31 19:01:31,Night Trouble By Petit Biscuit,Tyler,True,,58.0,33,14000,326,166400,177,"[""@famouslyaloof""]","['kitesurfing', 'utahsunsets', 'kitesurfer', 'kitesurfingworld']"
"What makes you happy? Thanks @happyganglifestyle for inviting me to Salt Lake City, Utah! #musicians #musiciansoftiktok #musiciansontiktok",1969-12-31 19:01:32,original sound,Are You Happy?,True,,41.0,41,3424,38,65900,59,"[""@happyganglifestyle""]","['musicians', 'musiciansoftiktok', 'musiciansontiktok']"
just breathing is enough. #areyouhappy #documentary #philosophytiktok,1969-12-31 19:01:33,Strawberry,Prod by Rose,False,"Pixk.I, Vol. 4",60.0,21,5943,17,92900,39,[],"['areyouhappy', 'documentary', 'philosophytiktok']"
Reply to @bakedbreadjen Why acknowledging the negativity?,1969-12-31 19:01:34,original sound,Are You Happy?,True,,6.0,7,2178,5,72900,224,"[""@bakedbreadjen""]",[]
It‚Äôs a TikTok miracle. We did it. #jodhpur #findthemountainman #areyouhappy #documentary,1969-12-31 19:01:35,original sound,ourfriendsonfacebook,True,,59.0,59,158800,1366,601000,916,[],"['jodhpur', 'findthemountainman', 'areyouhappy', 'documentary']"
It actually happened. Thanks TikTok. Storytime coming soon.,1969-12-31 19:01:36,original sound,Are You Happy?,True,,13.0,13,9259,12,101600,63,[],[]
How many people fell in love today? #areyouhappy #Bye2020 #newyears #newyearseve,1969-12-31 19:01:37,original sound,Are You Happy?,True,,59.0,59,3070,17,57800,40,[],"['areyouhappy', 'bye2020', 'newyears', 'newyearseve']"
2020 - We will miss you. #areyouhappy #newyears #newyearseve,1969-12-31 19:01:38,original sound,Are You Happy?,True,,58.0,58,93900,438,422000,5061,[],"['areyouhappy', 'newyears', 'newyearseve']"
I loved 2020. Here‚Äôs why. #areyouhappy #newyears,1969-12-31 19:01:39,original sound,Are You Happy?,True,,58.0,58,130100,2395,456800,2620,[],"['areyouhappy', 'newyears']"
Is there a difference?,1969-12-31 19:01:40,original sound,Are You Happy?,True,,51.0,51,19700,183,132200,207,[],[]
Sh1t aint sweet but it‚Äôs not bad. Thanks @garcelletv for the interview! #areyouhappy #newyorkers #accents #newyorkcitycheck #newyorkcitylife,1969-12-31 19:01:41,original sound,Are You Happy?,True,,34.0,35,16200,141,117700,130,"[""@garcelletv""]","['areyouhappy', 'newyorkers', 'accents', 'newyorkcitycheck', 'newyorkcitylife']"
üí´ be true to yourself üí´ Thanks @famouslyaloof for this interview! #saltlakecity #drumcircle #spiritualitytiktok #dreads #dreadstylesformen,1969-12-31 19:01:42,original sound,Are You Happy?,True,,24.0,24,8314,16,96900,62,"[""@famouslyaloof""]","['saltlakecity', 'drumcircle', 'spiritualitytiktok', 'dreads', 'dreadstylesformen']"
üåä Love more üåä Thanks @joshsadvice for the interview! #areyouhappy #saltlakecity #kitesurfing #utahlifestyle #momsoftiktok,1969-12-31 19:01:43,original sound,Are You Happy?,True,,23.0,23,4894,15,54200,42,"[""@joshsadvice""]","['areyouhappy', 'saltlakecity', 'kitesurfing', 'utahlifestyle', 'momsoftiktok']"
You dont need to apologize. Thanks @oscar.c.121 for the interview. #jesus #christianity #religion #spirituality,1969-12-31 19:01:44,original sound,Are You Happy?,True,,26.0,26,9471,49,76300,347,"[""@oscar""]","['jesus', 'christianity', 'religion', 'spirituality']"
‚òÄÔ∏è You‚Äôre alive. ‚òÄÔ∏è Thanks @oscar.c.121 for this interview! #areyouhappy #bellinghamwashington #washingtonstate #breastcancer #breastcancersurvivor,1969-12-31 19:01:45,Emotional Piano Instrumental In E Minor,Tom Bailey Backing Tracks,False,Backing Tracks Collection Vol. 4,60.0,20,4213,56,49500,57,"[""@oscar""]","['areyouhappy', 'bellinghamwashington', 'washingtonstate', 'breastcancer', 'breastcancersurvivor']"
Sending good vibes to Ms. Charbs üíõ Thanks @joshsadvice for interview #professors #zoomclass #zoomclassroom #zoomclassof2020 #collegelife,1969-12-31 19:01:46,original sound,Are You Happy?,True,,19.0,19,33700,21,190900,75,"[""@joshsadvice""]","['professors', 'zoomclass', 'zoomclassroom', 'zoomclassof2020', 'collegelife']"
üå≥ Don‚Äôt disconnect from the mother üå≥ Thanks @famouslyaloof for the interview. #motherearth #motherearthmatters #savetheearth #spiritualtiktok,1969-12-31 19:01:47,Emotional Piano Instrumental In E Minor,Tom Bailey Backing Tracks,False,Backing Tracks Collection Vol. 4,60.0,45,482000,13100,1800000,6292,"[""@famouslyaloof""]","['motherearth', 'motherearthmatters', 'savetheearth', 'spiritualtiktok']"
Thanks @happyganglifestyle for the invite! Where to next? #areyouhappy #saltlakecity #utah #roadtripcheck,1969-12-31 19:01:48,original sound,Are You Happy?,True,,57.0,57,8736,22,66800,55,"[""@happyganglifestyle""]","['areyouhappy', 'saltlakecity', 'utah', 'roadtripcheck']"
‚ÄúTravel is fatal to prejudice.‚Äù - Mark Twain #areyouhappy #travel #traveldocumentary #archesnationalpark  #utah #moab,1969-12-31 19:01:49,Emotional Piano Instrumental In E Minor,Tom Bailey Backing Tracks,False,Backing Tracks Collection Vol. 4,60.0,29,4647,144,46000,46,[],"['areyouhappy', 'travel', 'traveldocumentary', 'archesnationalpark', 'utah', 'moab']"
You want respect?,1969-12-31 19:01:50,Emotional Piano Instrumental In E Minor,Tom Bailey Backing Tracks,False,Backing Tracks Collection Vol. 4,60.0,46,23500,395,113700,167,[],[]
We can all be happy; despite the circumstances. #areyouhappy #documentary #motivationalclip #motivationaldoc,1969-12-31 19:01:51,Emotional Piano Instrumental In E Minor,Tom Bailey Backing Tracks,False,Backing Tracks Collection Vol. 4,60.0,50,11800,198,80300,71,[],"['areyouhappy', 'documentary', 'motivationalclip', 'motivationaldoc']"
Thanks @famouslyaloof for this interview. #harrisonburg #harrisonburgva #shenandoah #shenandoahvalley,1969-12-31 19:01:52,Steven Universe,L.Dre,False,Steven Universe,60.0,54,4012,88,45700,52,"[""@famouslyaloof""]","['harrisonburg', 'harrisonburgva', 'shenandoah', 'shenandoahvalley']"
happy people have not always had happy lives. #areyouhappy #saltlakecity #drumcircle,1969-12-31 19:01:53,original sound,Are You Happy?,True,,26.0,27,5126,18,55600,39,[],"['areyouhappy', 'saltlakecity', 'drumcircle']"
are you actually happy? #areyouhappy #thrasherskatemag #thrasherskatemag #documentary,1969-12-31 19:01:54,The Wisp Sings,Winter Aid,False,The Wisp Sings,60.0,35,7452,51,77000,102,[],"['areyouhappy', 'thrasherskatemag', 'thrasherskatemag', 'documentary']"
This is your chance to do good. #givingtuesday #holidayseason #downsyndromeawareness #specialneeds #areyouhappy,1969-12-31 19:01:55,Worship Instrumental - Instrumental,Adrian Jonathan,False,Worship Instrumental - Instrumental,60.0,29,30700,2305,145500,251,[],"['givingtuesday', 'holidayseason', 'downsyndromeawareness', 'specialneeds', 'areyouhappy']"
Don‚Äôt give up! #areyouhappy #washingtondc #dmv #motivational,1969-12-31 19:01:56,original sound,Are You Happy?,True,,32.0,32,17200,195,121700,127,[],"['areyouhappy', 'washingtondc', 'dmv', 'motivational']"
It takes ALOT to admit that. Thanks @thejacobbunn for capturing this interview in #oregon #mcminnvilleoregon #homelesspeople,1969-12-31 19:01:57,Night Trouble By Petit Biscuit,Tyler,True,,58.0,58,155700,3892,783000,1692,"[""@thejacobbunn""]","['oregon', 'mcminnvilleoregon', 'homelesspeople']"
üë®‚Äçüîß Live your life üîß Thanks @thejacobbunn for the interview. #areyouhappy #mechanic #carrepair #repairman,1969-12-31 19:01:58,original sound,Are You Happy?,True,,45.0,45,3412,39,59200,37,"[""@thejacobbunn""]","['areyouhappy', 'mechanic', 'carrepair', 'repairman']"
Thanks @banda.tx for shooting interview! #areyouhappy #texas #christianity #jesuslovesyou #islam #muslimtiktok,1969-12-31 19:01:59,Night Trouble By Petit Biscuit,Tyler,True,,58.0,54,20400,237,143200,1121,"[""@banda""]","['areyouhappy', 'texas', 'christianity', 'jesuslovesyou', 'islam', 'muslimtiktok']"
"‚òÄÔ∏è Good sunsets, good seks ‚òÄÔ∏è #areyouhappy #saltlakecity #kitesurfingworld #kitesurfing #kitesurfingpassion",1969-12-31 19:02:00,Home,Edith Whiskers,False,Home,59.0,57,58100,1255,371300,289,[],"['areyouhappy', 'saltlakecity', 'kitesurfingworld', 'kitesurfing', 'kitesurfingpassion']"
üíõ Pursue love at all costs üíõ #areyouhappy #virginia #loveis #loveisallyouneed #virginiabeach,1969-12-31 19:02:01,Night Trouble By Petit Biscuit,Tyler,True,,58.0,21,7456,121,89600,86,[],"['areyouhappy', 'virginia', 'loveis', 'loveisallyouneed', 'virginiabeach']"
"Send me a voice message, are you happy? #areyouhappy",1969-12-31 19:02:02,original sound,Are You Happy?,True,,36.0,36,7435,79,76600,88,[],['areyouhappy']
üèç Never put a pill in your body üèç #areyouhappy #nevada #motorcycle #yamahabike #motorcycleride #motorcyclesoftiktok,1969-12-31 19:02:03,Night Trouble By Petit Biscuit,Tyler,True,,58.0,46,146100,1989,832600,614,[],"['areyouhappy', 'nevada', 'motorcycle', 'yamahabike', 'motorcycleride', 'motorcyclesoftiktok']"
ü§´I met a man who does not speakü§´ #areyouhappy #buddism #vowofsilence #meditation #solitude #alanwatts,1969-12-31 19:02:04,Dido-Thank You,È¢úÂ¶π&ÂçÅ‰∫å,False,ÂÜ∞Èõ™Â•áÁºò2,264.0,52,8827,94,104900,103,[],"['areyouhappy', 'buddism', 'vowofsilence', 'meditation', 'solitude', 'alanwatts']"
ü§´ He took a vow of silence ü§´ #areyouhappy #utah #brycecanyon #brycecanyonnationalpark #offgrid #vowofsilence #meditation #buddhism #recluse,1969-12-31 19:02:05,Night Trouble By Petit Biscuit,Tyler,True,,58.0,49,379400,1363,1500000,821,[],"['areyouhappy', 'utah', 'brycecanyon', 'brycecanyonnationalpark', 'offgrid', 'vowofsilence', 'meditation', 'buddhism', 'recluse']"
üåµI got lost in the desert üåµ #areyouhappy #brycecanyonnationalpark #utah #hikingadventures #documentary #documentaryfilm,1969-12-31 19:02:06,Dle Yaman,Arsen Grigoryan,False,Armenian Duduk,60.0,36,34000,110,214700,125,[],"['areyouhappy', 'brycecanyonnationalpark', 'utah', 'hikingadventures', 'documentary', 'documentaryfilm']"
You can listen to more messages on the pod. #areyouhappy #positivepsychology #psychology,1969-12-31 19:02:07,O Superman,Laurie Anderson,False,Big Science,60.0,50,4726,78,78100,47,[],"['areyouhappy', 'positivepsychology', 'psychology']"
üèî He quit his job to hike full time üèî #areyouhappy #appalachiantrail #arizonatrail #hikingadventures #zionnationalpark #pacificcresttrail,1969-12-31 19:02:08,Night Trouble By Petit Biscuit,Tyler,True,,58.0,53,10600,250,94100,66,[],"['areyouhappy', 'appalachiantrail', 'arizonatrail', 'hikingadventures', 'zionnationalpark', 'pacificcresttrail']"
üèî I ask strangers if they‚Äôre happy üèî  #angelslanding #zionnationalpark #hiking #arizonatrail #hikingarizona #traillife,1969-12-31 19:02:09,Night Trouble By Petit Biscuit,Tyler,True,,58.0,45,567400,18800,3100000,4028,[],"['angelslanding', 'zionnationalpark', 'hiking', 'arizonatrail', 'hikingarizona', 'traillife']"
A message we all need to hear right now. #utah #saltlakecity #drumcircle #voting #elections #elections2020,1969-12-31 19:02:10,Night Trouble By Petit Biscuit,Tyler,True,,58.0,24,8519,289,130800,91,[],"['utah', 'saltlakecity', 'drumcircle', 'voting', 'elections', 'elections2020']"
üõπ I ask strangers if they‚Äôre happy üõπ #utah #saltlakecity #skateboarding #skateboard #skateboarder #skateboards,1969-12-31 19:02:11,Night Trouble By Petit Biscuit,Tyler,True,,58.0,23,155900,1070,866300,449,[],"['utah', 'saltlakecity', 'skateboarding', 'skateboard', 'skateboarder', 'skateboards']"
üá∫üá∏ I ask strangers if they‚Äôre happy üá∫üá∏ Thanks to @thejacobbunn in Oregon for the interview #mcminnvilleoregon #oregon #voting #votetiktok,1969-12-31 19:02:12,original sound,Are You Happy?,True,,41.0,41,9537,83,139200,238,"[""@thejacobbunn""]","['mcminnvilleoregon', 'oregon', 'voting', 'votetiktok']"
üèç I ask strangers if they‚Äôre happy üèç #utah #motorcross #dirtbikes #offroading #motorcrosstiktok #motorcrosslife,1969-12-31 19:02:13,worldstar money (interlude),Joji,False,In Tongues,60.0,59,11800,263,107300,89,[],"['utah', 'motorcross', 'dirtbikes', 'offroading', 'motorcrosstiktok', 'motorcrosslife']"
üèç I ask strangers if they‚Äôre happy üèç  Watch the full interview on the vlog! #areyouhappy #documentaryfilm #documentary #filmmaking #utah,1969-12-31 19:02:14,My Song,Labi Siffre,False,"Crying, Laughing, Loving, Lying (Deluxe Edition)",30.0,47,5997,100,91000,33,[],"['areyouhappy', 'documentaryfilm', 'documentary', 'filmmaking', 'utah']"
üåª I ask strangers if they‚Äôre happy üåª Full video on YT! üé• #areyouhappy #documentary #documentaryfilm #filmmaking #utah,1969-12-31 19:02:15,original sound,Are You Happy?,True,,56.0,56,8209,83,101600,74,[],"['areyouhappy', 'documentary', 'documentaryfilm', 'filmmaking', 'utah']"
üåª I ask strangers if they‚Äôre happy. üòÉ Full video on my YT. üé• Go check it out! #areyouhappy #documentary #documentaryfilm #filmmaking,1969-12-31 19:02:16,original sound,Are You Happy?,True,,57.0,57,5532,39,88800,63,[],"['areyouhappy', 'documentary', 'documentaryfilm', 'filmmaking']"
I ask strangers if they‚Äôre happy. ‚Äî Full video on YT - Link in BI0,1969-12-31 19:02:17,original sound,Are You Happy?,True,,51.0,51,2360,18,68100,36,[],[]
@happyganglifestyle I‚Äôm coming to Utah. Who‚Äôs coming with me? #utah #zionnationalpark #saltlakecity,1969-12-31 19:02:18,original sound,Are You Happy?,True,,33.0,33,2716,6,65400,60,"[""@happyganglifestyle""]","['utah', 'zionnationalpark', 'saltlakecity']"
What would you do? #saltlakecity #moabutah #zionnationalpark,1969-12-31 19:02:19,original sound - Are You Happy?,,False,,,27,3883,1,69600,165,[],"['saltlakecity', 'moabutah', 'zionnationalpark']"
Should I stay or should I go? @happyganglifestyle #areyouhappy #documentary #filmmaking #utah #saltlakecity,1969-12-31 19:02:20,original sound,Are You Happy?,True,,53.0,53,1495,4,48000,151,"[""@happyganglifestyle""]","['areyouhappy', 'documentary', 'filmmaking', 'utah', 'saltlakecity']"
I didn‚Äôt expect this to happen. Thanks @happyganglifestyle for the words of encouragement. #areyouhappy #happygang #motivationaldoc,1969-12-31 19:02:21,original sound,Are You Happy?,True,,55.0,55,14900,91,119900,44,"[""@happyganglifestyle""]","['areyouhappy', 'happygang', 'motivationaldoc']"
#duet with @happyganglifestyle Actually pretty helpful if even for a second. #mindfulness #meditation #psychologytricks,1969-12-31 19:02:22,original sound,Brett Bond,True,,58.0,59,2525,51,51500,21,"[""@happyganglifestyle""]","['duet', 'mindfulness', 'meditation', 'psychologytricks']"
Live every day to the fullest. AYH Filmmaker: @briansalehh #areyouhappy #sevenmagicmountains #lasvegas #nevada,1969-12-31 19:02:23,Dreams (2004 Remaster),Fleetwood Mac,False,Rumours (Deluxe Edition),22.0,23,4868,41,56900,28,"[""@briansalehh""]","['areyouhappy', 'sevenmagicmountains', 'lasvegas', 'nevada']"
I ask strangers if they‚Äôre happy. credit:  @famouslyaloof #areyouhappy #zionnationalpark #springdaleutah  #angelslanding,1969-12-31 19:02:24,original sound,Are You Happy?,True,,59.0,59,3555,28,54000,122,"[""@famouslyaloof""]","['areyouhappy', 'zionnationalpark', 'springdaleutah', 'angelslanding']"
I‚Äôm making a documentary where I ask strangers one question. #areyouhappy #wholesometiktok #kitesurfing #surfing,1969-12-31 19:02:25,original sound,Are You Happy?,True,,29.0,29,20700,32,122700,58,[],"['areyouhappy', 'wholesometiktok', 'kitesurfing', 'surfing']"
Let‚Äôs make him a star. #areyouhappy #archesnationalpark #wholesometiktok #utah,1969-12-31 19:02:26,original sound,Are You Happy?,True,,53.0,53,46100,2133,178400,272,[],"['areyouhappy', 'archesnationalpark', 'wholesometiktok', 'utah']"
"TikTok, let‚Äôs buy a bus. #areyouhappy #specialneeds #specialneedschild #downsyndromeawareness #nonprofit",1969-12-31 19:02:27,original sound,Are You Happy?,True,,35.0,35,6521,539,69500,47,[],"['areyouhappy', 'specialneeds', 'specialneedschild', 'downsyndromeawareness', 'nonprofit']"
Let‚Äôs buy a bus. #donation #areyouhappy #fundraising #specialneeds #specialneedsmom,1969-12-31 19:02:28,Stand By Me cover by Valencia Grace,Valencia Grace,True,,50.0,29,91100,18800,318100,772,[],"['donation', 'areyouhappy', 'fundraising', 'specialneeds', 'specialneedsmom']"
I ask strangers if they‚Äôre happy. Shout to to my man @happyganglifestyle for the awesome shirt. Life rips.,1969-12-31 19:02:29,original sound,Are You Happy?,True,,58.0,58,28700,153,131000,164,"[""@happyganglifestyle""]",[]
I ask strangers if they‚Äôre happy. #utah #archesnationalpark #wholesometiktok,1969-12-31 19:02:30,original sound,Are You Happy?,True,,28.0,28,25000,61,165400,89,[],"['utah', 'archesnationalpark', 'wholesometiktok']"
are you happy? Thanks @banda.tx for capturing this interview! #areyouhappy #wholesometiktok #texas #austin #singlelife,1969-12-31 19:02:31,original sound,Are You Happy?,True,,51.0,51,99900,520,576600,637,"[""@banda""]","['areyouhappy', 'wholesometiktok', 'texas', 'austin', 'singlelife']"
I interview strangers and ask one question... #wholesometiktok #saltlakecity #utah #areyouhappy #slc,1969-12-31 19:02:32,original sound,Are You Happy?,True,,22.0,22,32500,77,189500,119,[],"['wholesometiktok', 'saltlakecity', 'utah', 'areyouhappy', 'slc']"
I ask strangers if they‚Äôre happy. credit: @thejacobbunn #areyouhappy #wholesometiktok #blindpeople #sheltonct #connecticut,1969-12-31 19:02:33,original sound,Are You Happy?,True,,51.0,51,6560,100,65100,51,"[""@thejacobbunn""]","['areyouhappy', 'wholesometiktok', 'blindpeople', 'sheltonct', 'connecticut']"
Did a really awesome podcast with @heatherparady . Check her out!,1969-12-31 19:02:34,original sound,Are You Happy?,True,,56.0,56,1483,18,45700,18,"[""@heatherparady""]",[]
Thanks to @graceforall19 for the wisdom and @joshsadvice for the interview. #areyouhappy #wholesometiktok,1969-12-31 19:02:35,original sound,Are You Happy?,True,,55.0,55,4499,61,58800,58,"[""@graceforall19"",""@joshsadvice""]","['areyouhappy', 'wholesometiktok']"
So happy to be in the Washington DC asking people if they‚Äôre happy. #areyouhappy #washingtondc #dmv #accentschallenge #accents,1969-12-31 19:02:36,original sound,Are You Happy?,True,,29.0,29,174700,1391,1100000,882,[],"['areyouhappy', 'washingtondc', 'dmv', 'accentschallenge', 'accents']"
"Went for ice cones, left with knowledge. Thanks to @thejacobbunn for creating this interview. #areyouhappy #southcarolina #wholesometiktok",1969-12-31 19:02:37,original sound,Are You Happy?,True,,53.0,53,6547,62,77100,53,"[""@thejacobbunn""]","['areyouhappy', 'southcarolina', 'wholesometiktok']"
This kid just dropped some wisdom. Thanks @joshsadvice for the interview. #areyouhappy #wholesometiktok,1969-12-31 19:02:38,worldstar money (interlude),Joji,False,In Tongues,60.0,55,314500,5922,1200000,1851,"[""@joshsadvice""]","['areyouhappy', 'wholesometiktok']"
I asked a bunch of Albanians if they were happy. #areyouhappy #albanian #albania #albaniancheck #shqiptar,1969-12-31 19:02:39,original sound,Are You Happy?,True,,58.0,58,27800,154,169800,262,[],"['areyouhappy', 'albanian', 'albania', 'albaniancheck', 'shqiptar']"
I felt like I was in a movie. #areyouhappy,1969-12-31 19:02:40,original sound,Are You Happy?,True,,57.0,57,194000,746,844100,1555,[],['areyouhappy']
We are so close to finding the Mountain Man. #FindTheMountainMan #Jodhpur,1969-12-31 19:02:41,original sound,Are You Happy?,True,,58.0,58,11000,63,83000,112,[],"['findthemountainman', 'jodhpur']"
"Comment Jodhpur, India. #findthemountainman #areyouhappy",1969-12-31 19:02:42,original sound,Are You Happy?,True,,53.0,53,105400,4602,400000,6717,[],"['findthemountainman', 'areyouhappy']"
#findthemountainman,1969-12-31 19:02:43,original sound,Are You Happy?,True,,27.0,27,4453,20,59100,59,[],['findthemountainman']
Every day I ask a stranger if they‚Äôre happy.,1969-12-31 19:02:44,original sound,Are You Happy?,True,,15.0,16,15200,68,110900,56,[],[]
I ask strangers if they‚Äôre happy. #areyouhappy #happypeople #busdrivertiktok #newyorker,1969-12-31 19:02:45,original sound,Are You Happy?,True,,49.0,49,4119,82,45300,48,[],"['areyouhappy', 'happypeople', 'busdrivertiktok', 'newyorker']"
This is your chance to make a difference.,1969-12-31 19:02:46,Put Your Records On,Ritt Momney,False,Put Your Records On,60.0,42,26600,3032,132700,348,[],[]
"I ask strangers if they‚Äôre happy. Today I‚Äôm at Bearsdley Apple Orchard in Shelton, CT. #apples #applesauce #applecider #farming #applepicking",1969-12-31 19:02:47,original sound,Are You Happy?,True,,56.0,56,12900,138,93900,137,[],"['apples', 'applesauce', 'applecider', 'farming', 'applepicking']"
I met a really happy family. Here‚Äôs part 3/3 #areyouhappy #wholesometiktok credit: @thejacobbunn,1969-12-31 19:02:48,Outro,M83,False,"Hurry Up, We're Dreaming",30.0,59,16000,77,84200,54,"[""@thejacobbunn""]","['areyouhappy', 'wholesometiktok']"
Are you happy? Send me one voice message on IG telling me. creator credit: @thejacobbunn,1969-12-31 19:02:49,original sound,Are You Happy?,True,,36.0,43,2988,160,39600,41,"[""@thejacobbunn""]",[]
"I ask strangers if they‚Äôre happy. Today I‚Äôm in Ithaca, New York. Interview credit: @jakelattimore #areyouhappy #wholesometiktok",1969-12-31 19:02:50,Put Your Records On,Ritt Momney,False,Put Your Records On,60.0,43,8731,221,65400,146,"[""@jakelattimore""]","['areyouhappy', 'wholesometiktok']"
I ask strangers if they‚Äôre happy. #wholesometiktok #areyouhappy,1969-12-31 19:02:51,original sound,Are You Happy?,True,,14.0,14,4776,108,59700,40,[],"['wholesometiktok', 'areyouhappy']"
merch is out. link in bio. #areyouhappy,1969-12-31 19:02:52,original sound,Are You Happy?,True,,30.0,30,1853,28,36300,33,[],['areyouhappy']
,1969-12-31 19:02:53,original sound,Are You Happy?,True,,15.0,15,2559,28,39900,24,[],[]
I ask strangers if they‚Äôre happy. Met this legend dad. Interview credit: @giddyonthegrind from australia,1969-12-31 19:02:54,original sound,Are You Happy?,True,,49.0,49,9434,68,68000,73,"[""@giddyonthegrind""]",[]
I ask strangers if they‚Äôre happy. Interview credit: @giddyonthegrind from australia,1969-12-31 19:02:55,original sound,Are You Happy?,True,,47.0,47,146500,1212,940000,551,"[""@giddyonthegrind""]",[]
I ask strangers if they‚Äôre happy.,1969-12-31 19:02:56,original sound,Are You Happy?,True,,15.0,15,53000,966,335700,415,[],[]
On my account I ask strangers if they‚Äôre happy. This interview started it all. #areyouhappy,1969-12-31 19:02:57,original sound,Are You Happy?,True,,10.0,10,28400,59,178800,66,[],['areyouhappy']
Are you actually happy? Send me a voice message on IG with your answer. voice: @lexfavale,1969-12-31 19:02:58,original sound,Are You Happy?,True,,36.0,36,4485,17,47400,49,"[""@lexfavale""]",[]
"If you‚Äôre reading this, consider this your chance to make a difference.",1969-12-31 19:02:59,original sound,Are You Happy?,True,,35.0,36,8495,1755,57800,111,[],[]
I wanna be this guy one day. Full interview l1nked in BlO. #areyouhappy #wholesometiktok #positivevibesonly,1969-12-31 19:03:00,"The Banjo Beat, Pt. 1",Ricky Desktop,False,"The Banjo Beat, Pt. 1",17.0,8,8526,22,93100,52,[],"['areyouhappy', 'wholesometiktok', 'positivevibesonly']"
Are you happy? Send me a voice message on IG with your answer. Be honest though. message from @almond717,1969-12-31 19:03:01,original sound,Are You Happy?,True,,57.0,57,3734,124,50200,36,"[""@almond717""]",[]
Everyone deserves a school bus. Let‚Äôs make it happen for these kids. @happy__people to learn more. #areyouhappy #schoolbus #backtoschool,1969-12-31 19:03:02,original sound,Are You Happy?,True,,53.0,53,3213,958,38000,73,"[""@happy__people""]","['areyouhappy', 'schoolbus', 'backtoschool']"
All the voice messages I choose are ones I would have sent myself. #areyouhappy #documentary #filmmaking,1969-12-31 19:03:03,original sound,Are You Happy?,True,,59.0,59,10600,162,72200,186,[],"['areyouhappy', 'documentary', 'filmmaking']"
I ask strangers if they‚Äôre happy. I met this couple in Goa India. #areyouhappy #goaindia #couplegoals #tindertok #wholesometiktok,1969-12-31 19:03:04,original sound,Are You Happy?,True,,51.0,51,13600,66,74200,74,[],"['areyouhappy', 'goaindia', 'couplegoals', 'tindertok', 'wholesometiktok']"
I ask strangers if they‚Äôre happy. You should try it too. #areyouhappy #fisherman #fishing #bassproshop #lakehouse,1969-12-31 19:03:05,original sound,Are You Happy?,True,,56.0,56,8334,180,55200,81,[],"['areyouhappy', 'fisherman', 'fishing', 'bassproshop', 'lakehouse']"
I travel around the world and ask strangers if they‚Äôre happy. This guy totally gets it. #areyouhappy #wholesometiktok #positivityonly #society,1969-12-31 19:03:06,original sound,Are You Happy?,True,,53.0,53,1575,30,33100,21,[],"['areyouhappy', 'wholesometiktok', 'positivityonly', 'society']"
Would you say you‚Äôre happy? #areyouhappy #georgia #wholesometiktok #positivityonly,1969-12-31 19:03:07,original sound,Are You Happy?,True,,57.0,57,1950,18,32000,40,[],"['areyouhappy', 'georgia', 'wholesometiktok', 'positivityonly']"
I ask strangers if they‚Äôre happy. Their answers have taken me on the adventure of a lifetime. #areyouhappy #wholesometiktok #newyorker,1969-12-31 19:03:08,original sound,Are You Happy?,True,,58.0,58,14400,424,82000,106,[],"['areyouhappy', 'wholesometiktok', 'newyorker']"
I ask strangers if they‚Äôre happy. Met an adorable couple at the beach #connecticut #milford #areyouhappy #wholesometiktok #couplegoals,1969-12-31 19:03:09,original sound,Jecus Andrei,True,,15.0,59,3296,72,38100,40,[],"['connecticut', 'milford', 'areyouhappy', 'wholesometiktok', 'couplegoals']"
"Calling all filmmakers, editors, and creatives who love Are You Happy. #areyouhappy #filmmaking",1969-12-31 19:03:10,Outro,M83,False,"Hurry Up, We're Dreaming",30.0,15,533,39,27900,21,[],"['areyouhappy', 'filmmaking']"
I ask strangers if they‚Äôre happy. Today I met a beautiful couple at the beach. #areyouhappy #wholesometiktok #wholesomecontent #positivityonly,1969-12-31 19:03:11,original sound,Are You Happy?,True,,56.0,56,24900,352,134000,127,[],"['areyouhappy', 'wholesometiktok', 'wholesomecontent', 'positivityonly']"
Thanks for a million! Now let‚Äôs come together. Donate and check out @happy__people for more information. #specialneeds #nonprofit #areyouhappy,1969-12-31 19:03:12,Blackbird A Cappella,Ben Horsburgh,True,,26.0,57,6655,2122,42200,140,"[""@happy__people""]","['specialneeds', 'nonprofit', 'areyouhappy']"
A stranger sent me this voice message on IG. This one really got me. Part 1/3 #areyouhappy,1969-12-31 19:03:13,original sound,Are You Happy?,True,,49.0,49,2676,38,51000,50,[],['areyouhappy']
A stranger sent me this voice message on IG. This one really got me. Part 2/3. #areyouhappy,1969-12-31 19:03:14,original sound,Are You Happy?,True,,53.0,53,1518,30,43400,27,[],['areyouhappy']
A stranger sent me this voice message on IG. This one really got me. Part 3/3. #areyouhappy,1969-12-31 19:03:15,original sound,Are You Happy?,True,,58.0,58,1592,15,47500,30,[],['areyouhappy']
I ask strangers if they‚Äôre happy. This one video changed things for me. #areyouhappy #utah #stgeorge #stgeorgeutah #saltlakecity,1969-12-31 19:03:16,original sound,Are You Happy?,True,,58.0,58,35200,807,211100,286,[],"['areyouhappy', 'utah', 'stgeorge', 'stgeorgeutah', 'saltlakecity']"
I ask strangers if they‚Äôre happy. Their answers change me every day. #areyouhappy #wholesometiktok #wholesomecontent #positivityonly,1969-12-31 19:03:17,original sound,Are You Happy?,True,,59.0,59,12800,173,115200,114,[],"['areyouhappy', 'wholesometiktok', 'wholesomecontent', 'positivityonly']"
I ask strangers if they‚Äôre happy. Their answers have changed my life. #areyouhappy #wholesometiktok #wholesomecontent #positivityonly,1969-12-31 19:03:18,original sound,Are You Happy?,True,,59.0,59,545800,18700,2700000,3016,[],"['areyouhappy', 'wholesometiktok', 'wholesomecontent', 'positivityonly']"
I travel around the world and ask strangers if they‚Äôre happy. #areyouhappy #truthtok #environmentalscience #environment #colorado,1969-12-31 19:03:19,original sound,Are You Happy?,True,,24.0,24,25700,264,196400,402,[],"['areyouhappy', 'truthtok', 'environmentalscience', 'environment', 'colorado']"
Thank you so much for your love. Are you happy changed things for me. Love.,1969-12-31 19:03:20,original sound,Are You Happy?,True,,59.0,59,5911,66,71600,72,[],[]
I want to know if my followers are actually happy. Send me a voice message on IG with your answer. #areyouhappy #wholesometiktok #spotifyplaylists,1969-12-31 19:03:21,original sound,Are You Happy?,True,,44.0,44,20600,107,152700,87,[],"['areyouhappy', 'wholesometiktok', 'spotifyplaylists']"
I ask everyone I meet if they‚Äôre happy. #areyouhappy #sneakerheadcheck #sneakerheads #sneakerculture,1969-12-31 19:03:22,original sound,Are You Happy?,True,,56.0,56,18900,260,123800,228,[],"['areyouhappy', 'sneakerheadcheck', 'sneakerheads', 'sneakerculture']"
We have to go where India isn‚Äôt banned. Comment on my IG post to continue the search. #findthemountainman #jodhpur #areyouhappy,1969-12-31 19:03:23,original sound,Are You Happy?,True,,50.0,50,25300,433,127500,80,[],"['findthemountainman', 'jodhpur', 'areyouhappy']"
Are you actually happy? Send me a voice message on IG with your answer. #areyouhappy,1969-12-31 19:03:24,original sound,Are You Happy?,True,,30.0,31,3287,26,57400,45,[],['areyouhappy']
somebody finally asked me the question #duet with @thejacobbunn,1969-12-31 19:03:25,original sound,Jacob Bunn,True,,59.0,9,2545,5,68100,29,"[""@thejacobbunn""]",['duet']
Are you actually happy? Send me one voice message on IG telling me. #areyouhappy,1969-12-31 19:03:26,if u reading this comment im a fan on any video,Are You Happy?,True,,43.0,43,6020,49,64900,156,[],['areyouhappy']
I ask strangers if they‚Äôre happy. Met a happy group of friends. #areyouhappy #wholesometiktok,1969-12-31 19:03:27,original sound,Are You Happy?,True,,59.0,59,6326,37,74100,53,[],"['areyouhappy', 'wholesometiktok']"
I travel the world and ask strangers one question. Yes he has a tiktok: @jimmyarb1 #areyouhappy #mexico #rapper,1969-12-31 19:03:28,original sound,Are You Happy?,True,,43.0,43,36400,406,187300,129,"[""@jimmyarb1""]","['areyouhappy', 'mexico', 'rapper']"
I ask strangers if they‚Äôre happy. #areyouhappy #wholesometiktok #connecticut #derbyct,1969-12-31 19:03:29,anton are you happy,Are You Happy?,True,,24.0,24,6203,84,72200,37,[],"['areyouhappy', 'wholesometiktok', 'connecticut', 'derbyct']"
TiK tOk iS gEtTiNg BaNnEd. pLs FoLlOw Me #areyouhappy,1969-12-31 19:03:30,original sound,Are You Happy?,True,,48.0,48,24300,255,144300,190,[],['areyouhappy']
"Happiness, fried chicken and New Orleans. Behind the scenes on IG {are_you_happpy} #areyouhappy",1969-12-31 19:03:31,original sound,Are You Happy?,True,,40.0,41,70400,150,424900,354,[],['areyouhappy']
I ask strangers if they‚Äôre happy. #areyouhappy #colorado #complimentchallenge,1969-12-31 19:03:32,original sound,Are You Happy?,True,,46.0,46,29800,605,114900,1908,[],"['areyouhappy', 'colorado', 'complimentchallenge']"
I ask strangers if they‚Äôre happy. #washingtondc #areyouhappy #dmv,1969-12-31 19:03:33,original sound,Are You Happy?,True,,22.0,22,29000,80,161600,137,[],"['washingtondc', 'areyouhappy', 'dmv']"
I ask strangers if they‚Äôre happy. Found this man in Brooklyn. #brooklyn #areyouhappy #newyorker #sustainableliving,1969-12-31 19:03:34,To Be Happy Joey Pecorano,Are You Happy?,True,,47.0,47,68800,240,338200,226,[],"['brooklyn', 'areyouhappy', 'newyorker', 'sustainableliving']"
I ask strangers if they are happy. #areyouhappy #brooklyn #newyorker,1969-12-31 19:03:35,original sound,Are You Happy?,True,,56.0,56,6349,52,72800,65,[],"['areyouhappy', 'brooklyn', 'newyorker']"
A blind person‚Äôs perspective on happiness. #areyouhappy #blindtiktok,1969-12-31 19:03:36,original sound,Are You Happy?,True,,38.0,38,7336,47,64500,49,[],"['areyouhappy', 'blindtiktok']"
i ask strangers if they‚Äôre happy. Full interview on YT. #areyouhappy #wholesometiktok #connecticut #sheltonct,1969-12-31 19:03:37,original sound,Are You Happy?,True,,51.0,51,12200,134,88800,77,[],"['areyouhappy', 'wholesometiktok', 'connecticut', 'sheltonct']"
Does anyone ever say they‚Äôre not happy? #areyouhappy,1969-12-31 19:03:38,original sound,Are You Happy?,True,,55.0,56,7338,41,81200,37,[],['areyouhappy']
Full interview with the Moon Man linked in bio. #areyouhappy #findthemoonchild,1969-12-31 19:03:39,original sound,Are You Happy?,True,,39.0,39,2848,80,58700,35,[],"['areyouhappy', 'findthemoonchild']"
They call him Moon. Can Norfolk send the message? #areyouhappy,1969-12-31 19:03:40,original sound,Are You Happy?,True,,47.0,47,888700,113500,2800000,7396,[],['areyouhappy']
I ask everyone I meet if they‚Äôre happy. Met a really smart guy. #areyouhappy,1969-12-31 19:03:41,original sound,Are You Happy?,True,,9.0,9,22300,27,189700,77,[],['areyouhappy']
Are you actually happy? Send me a voice message on IG with your answer. #areyouhappy,1969-12-31 19:03:42,original sound,Are You Happy?,True,,57.0,57,13800,378,112800,170,[],['areyouhappy']
How I make this documentary while also living with social anxiety #areyouhappy,1969-12-31 19:03:43,original sound,Are You Happy?,True,,47.0,47,5027,11,72300,50,[],['areyouhappy']
I only hear fax. #areyouhappy #wholesometiktok #pizzaoven #outdoorcooking #outdoorkitchen,1969-12-31 19:03:44,original sound,Are You Happy?,True,,9.0,9,50600,469,300500,170,[],"['areyouhappy', 'wholesometiktok', 'pizzaoven', 'outdoorcooking', 'outdoorkitchen']"
I ask strangers if they‚Äôre happy. #areyouhappy #wholesometiktok #connecticut #sheltonct,1969-12-31 19:03:45,original sound,Are You Happy?,True,,12.0,12,9689,18,105700,59,[],"['areyouhappy', 'wholesometiktok', 'connecticut', 'sheltonct']"
Update regarding the ‚ÄúBlonde Buddha‚Äù. YT Link in bio. #areyouhappy #virginiabeach,1969-12-31 19:03:46,original sound,Are You Happy?,True,,47.0,47,52400,302,249600,131,[],"['areyouhappy', 'virginiabeach']"
I travel around the world and ask everyone I meet one question. #areyouhappy,1969-12-31 19:03:47,original sound,Are You Happy?,True,,16.0,16,12100,19,107700,50,[],['areyouhappy']
Sometimes the question results in awkward silence but that‚Äôs ok. Her full answer is on my YT. Link in bio. #areyouhappy #wholesometiktok,1969-12-31 19:03:48,original sound,Are You Happy?,True,,10.0,10,13900,23,142200,49,[],"['areyouhappy', 'wholesometiktok']"
Are you actually happy? Send me a voice memo on IG with your answer. {IG: @are_you_happy},1969-12-31 19:03:49,original sound,Are You Happy?,True,,37.0,37,7354,87,73000,84,"[""@are_you_happy""]",[]
I ask strangers if they‚Äôre happy. #areyouhappy #washingtondc #wholesometiktok,1969-12-31 19:03:50,original sound,Are You Happy?,True,,29.0,29,85200,739,483100,438,[],"['areyouhappy', 'washingtondc', 'wholesometiktok']"
Are you actually happy? Send voice memo on IG with your answer.,1969-12-31 19:03:51,original sound,Are You Happy?,True,,44.0,44,196600,1659,769100,610,[],[]
I ask strangers if they‚Äôre happy. Found sisters. #areyouhappy #wholesometiktok #connecticut,1969-12-31 19:03:52,original sound,Are You Happy?,True,,51.0,51,148400,907,650700,302,[],"['areyouhappy', 'wholesometiktok', 'connecticut']"
Are you happy?,1969-12-31 19:03:53,original sound,Are You Happy?,True,,19.0,19,58100,71,263800,161,[],[]
Every day I ask strangers if they are happy. #areyouhappy #motivationalclip,1969-12-31 19:03:54,original sound,Are You Happy?,True,,15.0,15,12000,155,104300,71,[],"['areyouhappy', 'motivationalclip']"
Every day I ask strangers if they are happy. #onelove #wholesometiktok #areyouhappy,1969-12-31 19:03:55,original sound,Are You Happy?,True,,20.0,20,8360,20,83200,41,[],"['onelove', 'wholesometiktok', 'areyouhappy']"
Listen to the Are You Happy Podcast for more! Link in bio. #areyouhappy #podcast #documentary,1969-12-31 19:03:56,original sound,Are You Happy?,True,,40.0,40,4872,10,63100,30,[],"['areyouhappy', 'podcast', 'documentary']"
Are you actually happy? Send me one voice message on IG with your answer. #areyouhappy #wholesometiktok #documentary,1969-12-31 19:03:57,original sound,Are You Happy?,True,,29.0,29,24200,199,135300,139,[],"['areyouhappy', 'wholesometiktok', 'documentary']"
Are you actually happy? Send me a voice message on IG with your answer. #areyouhappy,1969-12-31 19:03:58,original sound,Are You Happy?,True,,39.0,39,7860,91,80500,138,[],['areyouhappy']
Viajo por el mundo y les pregunto a todos los que encuentro si son felices. Lo conoc√≠ en M√©xico. #felicidad #feliz #mexico #areyouhappy,1969-12-31 19:03:59,original sound,Are You Happy?,True,,17.0,17,3782,81,78700,53,[],"['felicidad', 'feliz', 'mexico', 'areyouhappy']"
I travel around the world and ask everyone I meet if they‚Äôre happy. #areyouhappy #colorado #riflecolorado #icefishing #fishinglife,1969-12-31 19:04:00,original sound,Are You Happy?,True,,19.0,19,49900,249,289700,355,[],"['areyouhappy', 'colorado', 'riflecolorado', 'icefishing', 'fishinglife']"
Are you actually happy? Send me one voice message on IG telling me.,1969-12-31 19:04:01,original sound,Are You Happy?,True,,36.0,36,267600,1444,963200,481,[],[]
Every day I ask strangers if they‚Äôre happy. #areyouhappy #connecticut #biking #cycling #wholesometiktok,1969-12-31 19:04:02,original sound,Are You Happy?,True,,44.0,44,78400,272,414300,467,[],"['areyouhappy', 'connecticut', 'biking', 'cycling', 'wholesometiktok']"
Part two of The Blonde Buddha aka @jack_lambertt #virginia #norfolk #fishing #swamplife #fishinglife #wholesometiktok #areyouhappy,1969-12-31 19:04:03,original sound,Are You Happy?,True,,21.0,21,15900,69,170500,83,"[""@jack_lambertt""]","['virginia', 'norfolk', 'fishing', 'swamplife', 'fishinglife', 'wholesometiktok', 'areyouhappy']"
Listen to the kids bro! #blmmovement #areyouhappy #southcarolina #southcarolinacheck,1969-12-31 19:04:04,original sound,Are You Happy?,True,,13.0,13,28200,174,193500,325,[],"['blmmovement', 'areyouhappy', 'southcarolina', 'southcarolinacheck']"
Please TikTok help find the Mountain Man. #FindTheMountainMan #Jodhpur,1969-12-31 19:04:05,original sound,Are You Happy?,True,,37.0,37,39400,570,209900,234,[],"['findthemountainman', 'jodhpur']"
2020 has been hard on so many of us. #virginia #norfolk #areyouhappy,1969-12-31 19:04:06,original sound,Are You Happy?,True,,17.0,17,42000,222,295000,163,[],"['virginia', 'norfolk', 'areyouhappy']"
I ask strangers if they‚Äôre happy. Then this happened. #virginia #suffolkcounty #carcrash #areyouhappy,1969-12-31 19:04:07,original sound,Are You Happy?,True,,46.0,46,60900,557,398000,228,[],"['virginia', 'suffolkcounty', 'carcrash', 'areyouhappy']"
Walking up to strangers to ask them if they‚Äôre happy. #virginia #swamplife #fishinglife #wholesometiktok #areyouhappy,1969-12-31 19:04:08,original sound,Are You Happy?,True,,31.0,31,966800,9865,4700000,2851,[],"['virginia', 'swamplife', 'fishinglife', 'wholesometiktok', 'areyouhappy']"
I ask strangers if they‚Äôre happy. Then this happened. Part 1 is on my profile. #areyouhappy,1969-12-31 19:04:09,original sound,Are You Happy?,True,,59.0,59,45400,459,300500,233,[],['areyouhappy']
Part 2 will be posted very shortly. #areyouhappy,1969-12-31 19:04:10,original sound,Are You Happy?,True,,36.0,36,21800,193,215600,172,[],['areyouhappy']
I ask strangers just one question.,1969-12-31 19:04:11,original sound,Are You Happy?,True,,20.0,20,144500,733,922100,440,[],[]
Can we find the Mountain Man? #findthemountainman #‡§ú‡•ã‡§ß‡§™‡•Å‡§∞ #‡§≠‡§æ‡§∞‡§§ #jodhpur,1969-12-31 19:04:12,original sound,Are You Happy?,True,,48.0,48,88100,1557,512500,13700,[],"['findthemountainman', '‡§ú‡•ã‡§ß‡§™‡•Å‡§∞', '‡§≠‡§æ‡§∞‡§§', 'jodhpur']"
Every day I ask strangers if they‚Äôre happy. #wholesometiktok #areyouhappy,1969-12-31 19:04:13,original sound,Are You Happy?,True,,10.0,10,79200,254,523000,399,[],"['wholesometiktok', 'areyouhappy']"
Can TikTok help find the Mountain Man? #FindTheMountainMan #Jodhpur,1969-12-31 19:04:14,original sound,Are You Happy?,True,,53.0,53,1200000,91400,3900000,124400,[],"['findthemountainman', 'jodhpur']"
Can TikTok help me find this man? #FindTheMountainMan #tiktokindia #jodhpur #areyouhappy,1969-12-31 19:04:15,original sound,Are You Happy?,True,,36.0,36,66400,2914,317500,310,[],"['findthemountainman', 'tiktokindia', 'jodhpur', 'areyouhappy']"
Part 2 of the Moustache Man posting later today. #moustache #jodhpur #jodhpurcity #jaipurcity,1969-12-31 19:04:16,original sound,Are You Happy?,True,,27.0,27,14500,46,231600,150,[],"['moustache', 'jodhpur', 'jodhpurcity', 'jaipurcity']"
How I found The Sunrise Girl #freethesunrisegirl #areyouhappy,1969-12-31 19:04:17,original sound,Are You Happy?,True,,46.0,46,68400,128,450100,222,[],"['freethesunrisegirl', 'areyouhappy']"
They called her crazy. #freethesunrisegirl,1969-12-31 19:04:18,original sound,Are You Happy?,True,,59.0,59,136200,168,730500,338,[],['freethesunrisegirl']
I spoke with the Sunrise Girl! Going live with Sunrise Girl at 12 PM EST,1969-12-31 19:04:19,original sound,Are You Happy?,True,,58.0,58,78900,141,506700,376,[],[]
I found the Sunrise Girl. The final parts will be posted tomorrow. #freethesunrisegirl,1969-12-31 19:04:20,original sound,Are You Happy?,True,,39.0,39,610500,1708,2300000,2457,[],['freethesunrisegirl']
I am on a mission to #freethesunrisegirl,1969-12-31 19:04:21,original sound,Are You Happy?,True,,47.0,47,1200000,6072,4500000,3025,[],['freethesunrisegirl']
Found a girl who ran away from home. #freethesunrisegirl,1969-12-31 19:04:22,original sound,Are You Happy?,True,,33.0,33,74400,66,599500,148,[],['freethesunrisegirl']
I found a couple who ran away together.,1969-12-31 19:04:23,Wait,M83,False,"Hurry Up, We're Dreaming",30.0,56,78000,138,573400,75,[],[]
I met a girl who ran away from home. Part 5 posting tomorrow.,1969-12-31 19:04:24,Outro,M83,False,"Hurry Up, We're Dreaming",30.0,45,484500,901,2500000,830,[],[]
Met a girl who ran away from home. Part 4 is posted,1969-12-31 19:04:25,original sound,Are You Happy?,True,,16.0,16,55600,52,460700,39,[],[]
I met this girl who ran away from home: Part 2,1969-12-31 19:04:26,original sound,Are You Happy?,True,,24.0,24,70900,107,487700,109,[],[]
Met this girl who ran away from home. Part 2 is posted!,1969-12-31 19:04:27,original sound,Are You Happy?,True,,10.0,10,40300,167,347900,56,[],[]
Every day I ask strangers if they‚Äôre happy. Today I am in Virginia. #areyouhappy #suffolk #virginia #wholesometiktok,1969-12-31 19:04:28,original sound,Are You Happy?,True,,29.0,29,389800,2011,1700000,1342,[],"['areyouhappy', 'suffolk', 'virginia', 'wholesometiktok']"
Every day I ask strangers if they‚Äôre happy.,1969-12-31 19:04:29,anton are you happy,Are You Happy?,True,,24.0,24,142600,3610,587600,357,[],[]
Every day I ask strangers if they‚Äôre happy.,1969-12-31 19:04:30,original sound,Are You Happy?,True,,43.0,43,26900,204,164600,88,[],[]
Never grow up.,1969-12-31 19:04:31,original sound,Are You Happy?,True,,32.0,32,22200,92,163800,116,[],[]
pt 2,1969-12-31 19:04:32,original sound,Are You Happy?,True,,30.0,30,123600,454,639400,394,[],[]
Like for part 2,1969-12-31 19:04:33,original sound,Are You Happy?,True,,19.0,19,16900,111,151600,137,[],[]
I ask strangers if they‚Äôre happy. #onelove #wholesometiktok #areyouhappy,1969-12-31 19:04:34,original sound,Are You Happy?,True,,14.0,14,27200,21,194500,59,[],"['onelove', 'wholesometiktok', 'areyouhappy']"
Every day I ask strangers if they are happy. #onelove #wholesometiktok #areyouhappy,1969-12-31 19:04:35,original sound,Are You Happy?,True,,15.0,16,223400,1449,1200000,841,[],"['onelove', 'wholesometiktok', 'areyouhappy']"
Every day I ask people if they‚Äôre happy. #onelove #wholesometiktok #areyouhappy,1969-12-31 19:04:36,original sound,Are You Happy?,True,,21.0,21,9428,17,105200,79,[],"['onelove', 'wholesometiktok', 'areyouhappy']"
Posting black voices this week! #onelove #blackvoices #blackvoicesheard,1969-12-31 19:04:37,original sound,Are You Happy?,True,,19.0,19,8386,37,95700,40,[],"['onelove', 'blackvoices', 'blackvoicesheard']"
Posting black voices only this week.  #onelove #blackvoices #areyouhappy #wholesometiktok,1969-12-31 19:04:38,original sound,Are You Happy?,True,,12.0,12,11000,29,112100,52,[],"['onelove', 'blackvoices', 'areyouhappy', 'wholesometiktok']"
Every day I ask people if they‚Äôre happy. #onelove #areyouhappy #wholesometiktok,1969-12-31 19:04:39,original sound,Are You Happy?,True,,32.0,32,5607,45,80500,24,[],"['onelove', 'areyouhappy', 'wholesometiktok']"
Every day I ask people if they‚Äôre happy. #areyouhappy #wholesometiktok #newyorkcity,1969-12-31 19:04:40,original sound,Are You Happy?,True,,15.0,15,10500,108,93600,69,[],"['areyouhappy', 'wholesometiktok', 'newyorkcity']"
Perspective from a veteran on happiness in today‚Äôs America. #areyouhappy,1969-12-31 19:04:41,original sound,Are You Happy?,True,,22.0,22,11800,86,97600,39,[],['areyouhappy']
#duet with @tommy.is.epic Amazing story! Make a cool video asking someone if they‚Äôre happy. Will be dueting the best stories.,1969-12-31 19:04:42,original sound,Tommy Grissel,True,,59.0,59,11600,61,101800,53,"[""@tommy""]",['duet']
Part 2 #areyouhappy #wholesometiktok,1969-12-31 19:04:43,original sound,Are You Happy?,True,,58.0,58,169500,5854,735000,1576,[],"['areyouhappy', 'wholesometiktok']"
Every day I ask people if they‚Äôre happy. part 4,1969-12-31 19:04:44,original sound,Are You Happy?,True,,43.0,43,15300,57,122700,87,[],[]
Every day I ask people if they‚Äôre happy.,1969-12-31 19:04:45,original sound,Are You Happy?,True,,39.0,39,5634,61,60300,39,[],[]
Every day I ask people if they‚Äôre happy. #wholesometiktok #areyouhappy,1969-12-31 19:04:46,original sound,Are You Happy?,True,,12.0,12,6241,35,76200,46,[],"['wholesometiktok', 'areyouhappy']"
Part three. Every day I ask people if they‚Äôre happy.,1969-12-31 19:04:47,original sound,Are You Happy?,True,,34.0,35,7116,13,73600,73,[],[]
Every day I ask people if they‚Äôre happy. #motivational #wholesometiktok #areyouhappy,1969-12-31 19:04:48,original sound,Are You Happy?,True,,25.0,25,12000,511,110300,126,[],"['motivational', 'wholesometiktok', 'areyouhappy']"
Part 2 of my interview with my friend. What is your biggest regret?,1969-12-31 19:04:49,original sound,Are You Happy?,True,,13.0,13,9351,15,96300,80,[],[]
Every day I ask people if they‚Äôre happy.,1969-12-31 19:04:50,The Happiest Person in the World,Are You Happy?,True,,41.0,41,175700,744,872300,549,[],[]
Every day I ask people if they‚Äôre happy. Found a cricket game. #cricketlife #cricketworld #areyouhappy #wholesometiktok,1969-12-31 19:04:51,Documentary in Jodhpur Happiness,Are You Happy?,True,,14.0,14,13400,55,95800,49,[],"['cricketlife', 'cricketworld', 'areyouhappy', 'wholesometiktok']"
Every day I ask people if they‚Äôre happy. Keep scrolling if you‚Äôre not a kid. #areyouhappy #wholesometiktok,1969-12-31 19:04:52,Listen to the kids bro Kids documentary,Are You Happy?,True,,54.0,54,6884,39,69100,40,[],"['areyouhappy', 'wholesometiktok']"
This one‚Äôs to get you through whatever you‚Äôre going through.,1969-12-31 19:04:53,Outro,M83,False,"Hurry Up, We're Dreaming",30.0,17,8404,421,70800,57,[],[]
Every day I ask people if they are happy. Today I am in Korea. #comfortable #happyplace #vibez #koreangirl,1969-12-31 19:04:54,Are you happy documentary Korea,Are You Happy?,True,,20.0,20,4342,7,55000,52,[],"['comfortable', 'happyplace', 'vibez', 'koreangirl']"
Every day I ask people if they‚Äôre happy. #areyouhappy #wholesometiktok,1969-12-31 19:04:55,The Key To Happiness Happiest Person in the World,Are You Happy?,True,,18.0,18,4060,19,53900,60,[],"['areyouhappy', 'wholesometiktok']"
Every day I ask people if they‚Äôre happy.,1969-12-31 19:04:56,Homeless Are you happy documentary,Are You Happy?,True,,27.0,27,6784,14,60200,60,[],[]
Every day I ask people if they‚Äôre happy. #areyouhappy #wholesometiktok #positivevibes,1969-12-31 19:04:57,original sound,Are You Happy?,True,,31.0,31,15600,47,102700,120,[],"['areyouhappy', 'wholesometiktok', 'positivevibes']"
Every day I ask people if they‚Äôre happy. Here‚Äôs the most beautiful smile I‚Äôve ever seen. #areyouhappy #wholesometiktok,1969-12-31 19:04:58,The Happiest Person in the World Beautiful smile,Are You Happy?,True,,10.0,10,8199,23,84300,42,[],"['areyouhappy', 'wholesometiktok']"
Every day I ask people if they‚Äôre happy. I found a love story. Stay tuned for part 3.,1969-12-31 19:04:59,original sound,Are You Happy?,True,,43.0,43,40600,63,198500,141,[],[]
Part 2 will post tomorrow. #freethesunrisegirl,1969-12-31 19:05:00,original sound,Are You Happy?,True,,56.0,56,11000,33,95400,80,[],['freethesunrisegirl']
Every day I ask people if they‚Äôre happy.,1969-12-31 19:05:01,original sound,Are You Happy?,True,,17.0,17,6880,118,61400,51,[],[]
Every day I ask people if they‚Äôre happy. Found a fisherman dad. #icefishing #basspro #areyouhappy #happylife #wholesometiktok,1969-12-31 19:05:02,original sound,Are You Happy?,True,,56.0,56,46200,682,214700,201,[],"['icefishing', 'basspro', 'areyouhappy', 'happylife', 'wholesometiktok']"
Every day I ask people if they‚Äôre happy. Today I am in Washington DC. #areyouhappy,1969-12-31 19:05:03,original sound,Are You Happy?,True,,44.0,44,7030,20,58900,103,[],['areyouhappy']
Every day I ask people if they‚Äôre happy. #grandmas #grandmasoftiktok #areyouhappy #wholesometiktok,1969-12-31 19:05:04,original sound,Are You Happy?,True,,50.0,50,6127,46,51800,79,[],"['grandmas', 'grandmasoftiktok', 'areyouhappy', 'wholesometiktok']"
Every day I ask people if they‚Äôre happy. Today I‚Äôm in New Orleans! #neworleans #louisiana #areyouhappy #wholesometiktok,1969-12-31 19:05:05,original sound,Are You Happy?,True,,54.0,54,74700,506,252300,455,[],"['neworleans', 'louisiana', 'areyouhappy', 'wholesometiktok']"
Every day I ask people if they‚Äôre happy. Today I spoke to @dishrag. Music: @mayadelilahh #areyouhappy #wholesometiktok,1969-12-31 19:05:06,original sound,Are You Happy?,True,,52.0,52,4689,57,56000,76,"[""@dishrag"",""@mayadelilahh""]","['areyouhappy', 'wholesometiktok']"
Every day I ask someone if they‚Äôre happy. #bepositive #positivethoughts #areyouhappy #wholesometiktok,1969-12-31 19:05:07,original sound,Are You Happy?,True,,35.0,35,7844,29,64600,55,[],"['bepositive', 'positivethoughts', 'areyouhappy', 'wholesometiktok']"
Every day I ask people if they‚Äôre happy. Today I went to a positive psychology conference. #pyschology #positive #areyouhappy #wholsometiktok,1969-12-31 19:05:08,original sound,Are You Happy?,True,,59.0,59,77800,363,390300,274,[],"['pyschology', 'positive', 'areyouhappy', 'wholsometiktok']"
Every day I ask people if they‚Äôre happy. On Valentine‚Äôs Day I was in DC!,1969-12-31 19:05:09,original sound,Are You Happy?,True,,28.0,28,14300,38,92300,79,[],[]
Every day I ask people if they‚Äôre happy.,1969-12-31 19:05:10,original sound,Are You Happy?,True,,20.0,0,7491,28,85800,107,[],[]
Every day I ask people if they are happy.,1969-12-31 19:05:11,original sound,Are You Happy?,True,,20.0,0,319700,969,1500000,599,[],[]
How I met the happiest person in the world. #utah #sandhollow #areyouhappy #happylife #wholesometiktok,1969-12-31 19:05:12,original sound,Are You Happy?,True,,54.0,54,90500,2424,501300,463,[],"['utah', 'sandhollow', 'areyouhappy', 'happylife', 'wholesometiktok']"
Every day I ask people if they‚Äôre happy. Found a French jazz singer. #jazz #singers #areyouhappy #happylife #wholesometiktok,1969-12-31 19:05:13,original sound,Are You Happy?,True,,24.0,24,19900,40,129200,89,[],"['jazz', 'singers', 'areyouhappy', 'happylife', 'wholesometiktok']"
Every day I ask people if they‚Äôre happy. Found a fisherman. #icefishing #basspro #areyouhappy #happylife #wholesometiktok,1969-12-31 19:05:14,original sound,Are You Happy?,True,,56.0,56,499800,6531,1700000,1556,[],"['icefishing', 'basspro', 'areyouhappy', 'happylife', 'wholesometiktok']"
Every day I ask people if they‚Äôre happy. #okc #choosehappy #areyouhappy #positive #grateful #hope,1969-12-31 19:05:15,original sound,Are You Happy?,True,,11.0,0,27400,311,193400,197,[],"['okc', 'choosehappy', 'areyouhappy', 'positive', 'grateful', 'hope']"
Every day I ask people if they‚Äôre happy. #documentary #areyouhappy #travelblog #traveldocumentary,1969-12-31 19:05:16,original sound,Are You Happy?,True,,14.0,14,16900,36,133200,54,[],"['documentary', 'areyouhappy', 'travelblog', 'traveldocumentary']"
Every day I ask people if they‚Äôre happy. #documentary #areyouhappy #travelblog #traveldocumentary,1969-12-31 19:05:17,original sound,Are You Happy?,True,,11.0,0,31400,27,210800,64,[],"['documentary', 'areyouhappy', 'travelblog', 'traveldocumentary']"
Every day I ask someone if they‚Äôre happy. #documentary #traveldocumentary #chasinghappiness,1969-12-31 19:05:18,original sound,Are You Happy?,True,,8.0,8,13800,41,138100,42,[],"['documentary', 'traveldocumentary', 'chasinghappiness']"
Every day I ask people if they‚Äôre happy. #documentary #traveldocumentary #travelblog,1969-12-31 19:05:19,original sound,Are You Happy?,True,,24.0,24,34700,416,236700,415,[],"['documentary', 'traveldocumentary', 'travelblog']"
Are you happy? Today I am in Atlanta! #atl #georgiacheck #areyouhappy #rollerblading #travelblog,1969-12-31 19:05:20,Bang Bang,Joe Cuba,False,Chef Vol. 2 (Original Soundtrack Album),60.0,39,38300,390,253100,223,[],"['atl', 'georgiacheck', 'areyouhappy', 'rollerblading', 'travelblog']"
Every day I ask people if they‚Äôre happy... Found a love story.,1969-12-31 19:05:21,original sound,Are You Happy?,True,,56.0,56,478100,4097,1200000,1253,[],[]
every day i ask people if they‚Äôre happy.,1969-12-31 19:05:22,original sound,Are You Happy?,True,,14.0,14,21400,48,144700,77,[],[]
Health is the most beautiful thing on Earth. #fyp #foryoupage #foryourpage,1969-12-31 19:05:23,original sound,Are You Happy?,True,,28.0,0,74800,357,392100,223,[],"['fyp', 'foryoupage', 'foryourpage']"
i met a man on top of a mountain,1969-12-31 19:05:24,original sound,Are You Happy?,True,,45.0,45,28100,156,160200,305,[],[]
every day i ask people if they‚Äôre happy. #advice #happy #smallgestures #trending #foryoupage #happiness #tiktok #love #inspiration #motivation #truth,1969-12-31 19:05:25,original sound,Are You Happy?,True,,21.0,21,128700,454,565300,304,[],"['advice', 'happy', 'smallgestures', 'trending', 'foryoupage', 'happiness', 'tiktok', 'love', 'inspiration', 'motivation', 'truth']"
"are you happy, NY?",1969-12-31 19:05:26,original sound,Are You Happy?,True,,59.0,59,27900,226,201000,125,[],[]
every day i ask people if they‚Äôre happy. #advice #happy #smallgestures #trending #foryoupage #happiness #tiktok #love #inspiration #motivation #truth,1969-12-31 19:05:27,original sound,Are You Happy?,True,,58.0,58,145500,3324,620400,410,[],"['advice', 'happy', 'smallgestures', 'trending', 'foryoupage', 'happiness', 'tiktok', 'love', 'inspiration', 'motivation', 'truth']"
part 2,1969-12-31 19:05:28,original sound,Are You Happy?,True,,58.0,58,2100000,59900,7500000,11100,[],[]
part 3,1969-12-31 19:05:29,original sound,Are You Happy?,True,,37.0,37,361800,3259,1700000,1451,[],[]
every day i ask people if they‚Äôre happy. #advice #happy #smallgestures #trending #foryoupage #happiness #tiktok #love #inspiration #motivation #truth,1969-12-31 19:05:30,original sound,Are You Happy?,True,,9.0,9,54600,220,364600,197,[],"['advice', 'happy', 'smallgestures', 'trending', 'foryoupage', 'happiness', 'tiktok', 'love', 'inspiration', 'motivation', 'truth']"
every day i ask people if they‚Äôre happy. #advice #happy #smallgestures #trending #foryoupage #happiness #tiktok #love #inspiration #motivation #truth,1969-12-31 19:05:31,original sound,Are You Happy?,True,,19.0,19,87000,797,487600,348,[],"['advice', 'happy', 'smallgestures', 'trending', 'foryoupage', 'happiness', 'tiktok', 'love', 'inspiration', 'motivation', 'truth']"
every day i ask people if they‚Äôre happy. #advice #happy #smallgestures #trending #foryoupage #happiness #tiktok #love #inspiration #motivation #truth,1969-12-31 19:05:32,original sound,Are You Happy?,True,,10.0,10,33400,289,278500,130,[],"['advice', 'happy', 'smallgestures', 'trending', 'foryoupage', 'happiness', 'tiktok', 'love', 'inspiration', 'motivation', 'truth']"
Like for part 3. #advice #happy #smallgestures #trending #foryoupage #happiness #tiktok #love #inspiration #motivation #truth,1969-12-31 19:05:33,original sound,Are You Happy?,True,,31.0,31,39200,488,360900,223,[],"['advice', 'happy', 'smallgestures', 'trending', 'foryoupage', 'happiness', 'tiktok', 'love', 'inspiration', 'motivation', 'truth']"
like to see ‚Äúthe girl at the bus stop.‚Äù #advice #happy #smallgestures #trending #foryoupage #happiness #tiktok #love #inspiration #motivation #truth,1969-12-31 19:05:34,original sound,Are You Happy?,True,,18.0,18,25800,92,292600,70,[],"['advice', 'happy', 'smallgestures', 'trending', 'foryoupage', 'happiness', 'tiktok', 'love', 'inspiration', 'motivation', 'truth']"
every day i ask people if they‚Äôre happy. #advice #happy #smallgestures #trending #foryoupage #happiness #tiktok #love #inspiration #motivation #truth,1969-12-31 19:05:35,original sound,Are You Happy?,True,,12.0,12,40100,358,388000,191,[],"['advice', 'happy', 'smallgestures', 'trending', 'foryoupage', 'happiness', 'tiktok', 'love', 'inspiration', 'motivation', 'truth']"
every day i ask people if they‚Äôre happy. #advice #happy #smallgestures #trending #foryoupage #happiness #tiktok #love #inspiration #motivation #truth,1969-12-31 19:05:36,original sound,Are You Happy?,True,,5.0,5,13800,428,215800,123,[],"['advice', 'happy', 'smallgestures', 'trending', 'foryoupage', 'happiness', 'tiktok', 'love', 'inspiration', 'motivation', 'truth']"
like for part 2. #advice #happy #smallgestures #trending #foryoupage #happiness #tiktok #love #inspiration #motivation #truth,1969-12-31 19:05:37,original sound,Are You Happy?,True,,9.0,9,101500,650,659300,231,[],"['advice', 'happy', 'smallgestures', 'trending', 'foryoupage', 'happiness', 'tiktok', 'love', 'inspiration', 'motivation', 'truth']"
every day i ask people if they‚Äôre happy. #advice #happy #smallgestures #trending #foryoupage #happiness #tiktok #love #inspiration #motivation #truth,1969-12-31 19:05:38,original sound,Are You Happy?,True,,10.0,10,132200,998,695700,233,[],"['advice', 'happy', 'smallgestures', 'trending', 'foryoupage', 'happiness', 'tiktok', 'love', 'inspiration', 'motivation', 'truth']"
every day i ask people if they‚Äôre happy. #advice #happy #smallgestures #trending #foryoupage #happiness #tiktok #love #inspiration #motivation #truth,1969-12-31 19:05:39,original sound,Are You Happy?,True,,21.0,21,17700,247,156300,69,[],"['advice', 'happy', 'smallgestures', 'trending', 'foryoupage', 'happiness', 'tiktok', 'love', 'inspiration', 'motivation', 'truth']"
every day i ask people if they‚Äôre happy. #advice #trending #smallgestures #fyp #foryoupage #happiness #happy #tiktok #love #inspiration #motivation,1969-12-31 19:05:40,original sound,Are You Happy?,True,,25.0,25,8120,208,72300,129,[],"['advice', 'trending', 'smallgestures', 'fyp', 'foryoupage', 'happiness', 'happy', 'tiktok', 'love', 'inspiration', 'motivation']"
